Fecha,TIIE_28,Tipo_Cambio_FIX,INPC,Inflacion_Anual,TIIE_28_Diff
2011-02-01,4.8410631578947365,12.070321052631579,4.53,-26.101141924959215,-0.017927318295739347
2011-03-01,4.840768181818182,11.999172727272729,2.46,-66.16231086657496,-0.0002949760765549314
2011-04-01,4.846084210526316,11.718399999999999,3.9,-27.509293680297397,0.005316028708134191
2011-05-01,4.847154545454545,11.653295454545455,3.45,-8.244680851063823,0.0010703349282294994
2011-06-01,4.8454227272727275,11.806018181818182,3.34,4.702194357366762,-0.0017318181818177791
2011-07-01,4.821342857142857,11.672557142857142,4.51,37.5,-0.024079870129870784
2011-08-01,4.808,12.231913043478261,3.9,7.14285714285714,-0.013342857142856879
2011-09-01,4.777595238095238,13.04451904761905,2.98,-22.7979274611399,-0.030404761904762267
2011-10-01,4.794266666666666,13.435004761904763,3.09,-45.789473684210535,0.01667142857142867
2011-11-01,4.799825,13.69929,4.13,-37.518910741301056,0.005558333333333998
2011-12-01,4.798061904761904,13.768880952380952,5.34,-24.682651622002826,-0.0017630952380960352
2012-01-01,4.787345454545455,13.417777272727273,6.38,18.36734693877551,-0.010716450216449402
2012-02-01,4.78423,12.78306,5.53,22.07505518763797,-0.00311545454545481
2012-03-01,4.7692523809523815,12.756699999999999,5.12,108.13008130081303,-0.014977619047618518
2012-04-01,4.743826315789474,13.069673684210526,3.49,-10.51282051282051,-0.025426065162907463
2012-05-01,4.760209090909091,13.663381818181819,5.15,49.27536231884058,0.01638277511961661
2012-06-01,4.763290476190476,13.91920476190476,7.26,117.36526946107784,0.0030813852813853515
2012-07-01,4.7778909090909085,13.366081818181819,7.3,61.86252771618626,0.014600432900432558
2012-08-01,4.788165217391304,13.184521739130433,7.58,94.35897435897435,0.010274308300395774
2012-09-01,4.802305,12.939435,8.81,195.63758389261747,0.014139782608695306
2012-10-01,4.816973913043478,12.891,8.07,161.16504854368935,0.014668913043478504
2012-11-01,4.842805,13.0746,7.09,71.67070217917674,0.025831086956522142
2012-12-01,4.842089473684211,12.87047894736842,5.74,7.490636704119846,-0.0007155263157896385
2013-01-01,4.841322727272727,12.699,4.47,-29.937304075235115,-0.0007667464114833322
2013-02-01,4.82311052631579,12.722884210526317,5.47,-1.0849909584086936,-0.01821220095693743
2013-03-01,4.4823666666666675,12.524722222222222,8.29,61.91406249999998,-0.34074385964912235
2013-04-01,4.334563636363637,12.20504090909091,10.32,195.702005730659,-0.14780303030303088
2013-05-01,4.316454545454546,12.311486363636364,10.56,105.0485436893204,-0.018109090909090853
2013-06-01,4.303635,12.959575000000001,8.39,15.564738292011038,-0.012819545454545889
2013-07-01,4.3183043478260865,12.76585652173913,6.6,-9.589041095890416,0.014669347826086643
2013-08-01,4.30615,12.91780909090909,7.01,-7.519788918205805,-0.01215434782608682
2013-09-01,4.1049050000000005,13.075905,6.2,-29.625425652667424,-0.20124499999999923
2013-10-01,3.9768565217391303,12.999217391304349,6.18,-23.420074349442388,-0.12804847826087018
2013-11-01,3.78953,13.079555,7.02,-0.9873060648801224,-0.18732652173913023
2013-12-01,3.7903350000000002,13.00755,7.84,36.58536585365852,0.0008050000000001667
2014-01-01,3.7819727272727275,13.223022727272728,8.58,91.94630872483222,-0.008362272727272746
2014-02-01,3.787052631578947,13.280778947368422,8.28,51.37111517367459,0.005079904306219518
2014-03-01,3.8012950000000005,13.195085,6.54,-21.109770808202644,0.01424236842105353
2014-04-01,3.8064349999999996,13.070834999999999,4.75,-53.97286821705427,0.005139999999999034
2014-05-01,3.802509523809524,12.924733333333332,5.19,-50.85227272727273,-0.003925476190475674
2014-06-01,3.4286476190476187,12.995761904761904,5.96,-28.96305125148987,-0.3738619047619052
2014-07-01,3.297508695652174,12.990443478260868,6.83,3.4848484848484906,-0.13113892339544453
2014-08-01,3.2985523809523807,13.140638095238094,6.72,-4.1369472182596345,0.0010436853002064872
2014-09-01,3.2893142857142856,13.235204761904763,7.11,14.677419354838705,-0.009238095238095045
2014-10-01,3.2919130434782606,13.476252173913043,7.51,21.521035598705506,0.0025987577639750015
2014-11-01,3.287321052631579,13.621605263157894,6.78,-3.4188034188034067,-0.004591990846681604
2014-12-01,3.2997238095238095,14.512895238095238,6.7,-14.540816326530603,0.012402756892230471
2015-01-01,3.30162380952381,14.692585714285716,5.34,-37.76223776223776,0.0019000000000004569
2015-02-01,3.2970894736842107,14.921342105263157,4.88,-41.062801932367144,-0.0045343358395992794
2015-03-01,3.3029095238095243,15.228338095238096,5.29,-19.113149847094803,0.005820050125313614
2015-04-01,3.2965150000000003,15.22618,5.46,14.94736842105262,-0.006394523809523989
2015-05-01,3.30117,15.26447,4.64,-10.597302504816962,0.004654999999999632
2015-06-01,3.3046636363636366,15.483036363636364,4.63,-22.31543624161074,0.003493636363636643
2015-07-01,3.3035217391304346,15.939582608695654,4.12,-39.67789165446559,-0.001141897233202016
2015-08-01,3.3161666666666667,16.536757142857144,3.51,-47.76785714285714,0.012644927536232142
2015-09-01,3.3343000000000003,16.857761904761908,2.96,-58.368495077355846,0.018133333333333557
2015-10-01,3.3050181818181814,16.564004545454544,2.52,-66.44474034620507,-0.029281818181818853
2015-11-01,3.3163,16.63568947368421,1.84,-72.86135693215338,0.011281818181818615
2015-12-01,3.415127272727273,17.066622727272726,1.28,-80.8955223880597,0.09882727272727276
2016-01-01,3.55659,18.072775,2.52,-52.80898876404494,0.14146272727272713
2016-02-01,3.75062,18.4731,3.49,-28.48360655737704,0.19403000000000015
2016-03-01,4.062685,17.649045,2.12,-59.92438563327032,0.31206500000000004
2016-04-01,4.064233333333333,17.48767619047619,1.66,-69.59706959706959,0.0015483333333330407
2016-05-01,4.075022727272727,18.154186363636367,1.55,-66.59482758620689,0.010789393939393932
2016-06-01,4.101218181818182,18.65296818181818,1.16,-74.94600431965443,0.02619545454545502
2016-07-01,4.559785714285714,18.601442857142857,1.65,-59.95145631067962,0.4585675324675318
2016-08-01,4.590630434782608,18.474865217391304,1.99,-43.3048433048433,0.03084472049689424
2016-09-01,4.611019047619048,19.192409523809523,2.65,-10.472972972972972,0.02038861283643989
2016-10-01,5.108561904761904,18.892414285714285,2.95,17.06349206349207,0.4975428571428564
2016-11-01,5.336275,20.118465,3.34,81.52173913043477,0.22771309523809524
2016-12-01,5.8390095238095245,20.52057619047619,3.13,144.53125,0.5027345238095249
2017-01-01,6.127995454545455,21.385272727272728,7.4,193.65079365079367,0.2889859307359304
2017-02-01,6.438763157894737,20.29053684210526,6.71,92.26361031518624,0.31076770334928216
2017-03-01,6.627954545454545,19.30102727272727,8.02,278.3018867924528,0.18919138755980835
2017-04-01,6.866122222222222,18.78748333333333,9.25,457.2289156626506,0.23816767676767636
2017-05-01,6.977881818181817,18.755663636363636,10.6,583.8709677419354,0.11175959595959561
2017-06-01,7.2149,18.132613636363637,11.09,856.0344827586208,0.23701818181818268
2017-07-01,7.366361904761905,17.828338095238095,11.27,583.030303030303,0.1514619047619048
2017-08-01,7.375591304347826,17.807030434782607,11.98,502.01005025125636,0.009229399585921172
2017-09-01,7.376442857142858,17.835652380952382,11.28,325.66037735849056,0.0008515527950319068
2017-10-01,7.378977272727273,18.816095454545454,11.4,286.4406779661017,0.0025344155844146954
2017-11-01,7.37982,18.915785,11.97,258.3832335329342,0.0008427272727269397
2017-12-01,7.5052473684210534,19.181221052631578,12.62,303.19488817891374,0.12542736842105384
2018-01-01,7.636059090909091,18.90739090909091,8.44,14.054054054054044,0.13081172248803785
2018-02-01,7.781915789473684,18.644936842105263,8.49,26.527570789865873,0.14585669856459305
2018-03-01,7.834136842105264,18.630842105263156,8.03,0.12468827930174342,0.05222105263157939
2018-04-01,7.840461904761905,18.387185714285714,7.07,-23.56756756756756,0.006325062656641123
2018-05-01,7.850959090909091,19.590995454545453,6.99,-34.056603773584904,0.010497186147186532
2018-06-01,7.928114285714285,20.3032,7.79,-29.75653742110009,0.07715519480519362
2018-07-01,8.104227272727274,19.009518181818184,8.38,-25.64330079858029,0.1761129870129885
2018-08-01,8.106008695652173,18.85750869565217,8.8,-26.544240400667775,0.0017814229248998004
2018-09-01,8.114085,19.015430000000002,9.15,-18.882978723404243,0.008076304347826024
2018-10-01,8.117917391304347,19.185865217391303,8.5,-25.438596491228072,0.003832391304348093
2018-11-01,8.24542,20.26117,8.07,-32.581453634085214,0.1275026086956519
2018-12-01,8.410310526315788,20.11117894736842,8.4,-33.43898573692551,0.16489052631578893
2019-01-01,8.59225909090909,19.1651,6.81,-19.312796208530802,0.1819485645933021
2019-02-01,8.5617,19.20487894736842,5.25,-38.16254416961131,-0.03055909090909026
2019-03-01,8.519020000000001,19.24774,5.47,-31.880448318804476,-0.04267999999999894
2019-04-01,8.498155,18.986349999999998,6.08,-14.002828854314009,-0.020865000000000578
2019-05-01,8.506554545454547,19.119654545454548,5.78,-17.310443490701,0.008399545454546242
2019-06-01,8.507475,19.27447,4.19,-46.21309370988447,0.0009204545454526425
2019-07-01,8.475221739130435,19.05339565217391,3.64,-56.56324582338903,-0.032253260869564926
2019-08-01,8.36980909090909,19.685040909090908,1.28,-85.45454545454545,-0.10541264822134444
2019-09-01,8.197109999999999,19.586505,0.71,-92.24043715846994,-0.17269909090909152
2019-10-01,7.998604347826087,19.324182608695654,1.01,-88.11764705882354,-0.19850565217391125
2019-11-01,7.872655,19.332475,0.98,-87.85625774473358,-0.12594934782608735
2019-12-01,7.696524999999999,19.107085,0.59,-92.97619047619048,-0.17613000000000056
2020-01-01,7.530281818181819,18.804018181818183,1.81,-73.42143906020557,-0.16624318181818065
2020-02-01,7.390531578947368,18.844321052631578,3.81,-27.428571428571423,-0.13975023923445118
2020-03-01,7.100676190476191,22.3784,2.19,-59.96343692870201,-0.2898553884711763
2020-04-01,6.537730000000001,24.26584,-1.96,-132.23684210526315,-0.5629461904761905
2020-05-01,5.99545,23.42302,0.35,-93.9446366782007,-0.5422800000000008
2020-06-01,5.648704545454546,22.29895909090909,2.16,-48.44868735083533,-0.346745454545454
2020-07-01,5.231469565217392,22.40328260869565,2.92,-19.780219780219788,-0.4172349802371542
2020-08-01,4.967419047619048,22.207161904761907,4.3,235.9375,-0.26405051759834386
2020-09-01,4.720285714285715,21.680980952380953,4.1,477.4647887323943,-0.2471333333333332
2020-10-01,4.532459090909091,21.270500000000002,4.42,337.62376237623766,-0.18782662337662348
2020-11-01,4.498610526315789,20.381915789473684,2.33,137.75510204081635,-0.033848564593301766
2020-12-01,4.485686363636364,19.96507727272727,1.18,100.0,-0.012924162679425422
2021-01-01,4.468395,19.921475,2.63,45.30386740331491,-0.017291363636363855
2021-02-01,4.362863157894737,20.309731578947368,3.43,-9.973753280839892,-0.1055318421052629
2021-03-01,4.283331818181818,20.75545,6.31,188.1278538812785,-0.07953133971291937
2021-04-01,4.28445,20.015285,12.34,-729.5918367346939,0.001118181818181796
2021-05-01,4.285123809523809,19.963128571428573,10.76,2974.285714285714,0.0006738095238096875
2021-06-01,4.31705,20.03006818181818,10.0,362.962962962963,0.03192619047619072
2021-07-01,4.519322727272727,19.97010909090909,9.39,221.57534246575344,0.20227272727272716
2021-08-01,4.645490909090909,20.076136363636365,8.14,89.30232558139537,0.12616818181818168
2021-09-01,4.74612380952381,20.048690476190476,9.37,128.53658536585363,0.10063290043290074
2021-10-01,4.975090476190476,20.462557142857143,9.47,114.25339366515841,0.22896666666666654
2021-11-01,5.125545000000001,20.900425,12.61,441.2017167381974,0.1504545238095245
2021-12-01,5.442573913043478,20.89184347826087,11.74,894.9152542372882,0.3170289130434769
2022-01-01,5.723766666666667,20.49777142857143,9.68,268.0608365019011,0.2811927536231895
2022-02-01,6.022657894736842,20.44952105263158,9.34,172.30320699708454,0.29889122807017454
2022-03-01,6.3347181818181815,20.556209090909093,9.45,49.7622820919176,0.3120602870813398
2022-04-01,6.7318263157894735,20.108805263157894,9.07,-26.499189627228525,0.3971081339712921
2022-05-01,7.013790909090909,20.030527272727273,8.77,-18.494423791821568,0.28196459330143586
2022-06-01,7.421636363636364,20.023736363636363,9.47,-5.299999999999994,0.4078454545454546
2022-07-01,8.037290476190476,20.546723809523808,9.65,2.7689030883919052,0.615654112554112
2022-08-01,8.498047826086957,20.120930434782608,10.65,30.83538083538082,0.46075734989648076
2022-09-01,8.891095238095238,20.07502380952381,9.96,6.296691568836721,0.39304741200828097
2022-10-01,9.562538095238095,19.98454285714286,8.36,-11.721224920802541,0.671442857142857
2022-11-01,9.998965,19.444915,5.73,-54.559873116574146,0.4364269047619054
2022-12-01,10.52537619047619,19.592961904761903,6.27,-46.59284497444634,0.5264111904761908
2023-01-01,10.780886363636363,18.986336363636365,6.32,-34.71074380165289,0.25551017316017166
2023-02-01,11.101473684210527,18.59856842105263,5.65,-39.50749464668094,0.3205873205741643
2023-03-01,11.336627272727272,18.374904545454545,3.27,-65.39682539682539,0.23515358851674506
2023-04-01,11.528288888888888,18.085494444444446,2.12,-76.62624035281146,0.1916616161616158
2023-05-01,11.535522727272728,17.7373,1.24,-85.86088939566704,0.007233838383839952
2023-06-01,11.501090909090909,17.241204545454544,-0.36,-103.80147835269271,-0.03443181818181884
2023-07-01,11.500861904761905,16.904938095238094,-0.67,-106.94300518134713,-0.0002290043290038568
2023-08-01,11.499778260869563,16.976643478260872,0.37,-96.52582159624413,-0.0010836438923416125
2023-09-01,11.50325238095238,17.307690476190476,0.6,-93.97590361445783,0.0034741200828172225
2023-10-01,11.503368181818182,18.082331818181817,0.56,-93.30143540669856,0.00011580086580131876
2023-11-01,11.505175,17.376695,1.43,-75.04363001745202,0.0018068181818176043
2023-12-01,11.504194736842106,17.18598947368421,3.39,-45.933014354066984,-0.0009802631578939014
2024-01-01,11.500872727272727,17.08731818181818,5.24,-17.08860759493671,-0.003322009569378892
2024-02-01,11.495745,17.089775,3.67,-35.04424778761063,-0.005127727272727256
2024-03-01,11.441177777777778,16.791788888888888,4.03,23.241590214067287,-0.054567222222221545
2024-04-01,11.2467,16.81044090909091,5.54,161.32075471698113,-0.1944777777777773
2024-05-01,11.239631818181818,16.793563636363636,6.19,399.1935483870968,-0.00706818181818214
2024-06-01,11.244945,18.21737,7.67,-2230.5555555555557,0.005313181818181079
2024-07-01,11.245565217391302,18.111691304347826,10.36,-1646.2686567164176,0.000620217391302802
2024-08-01,11.08025,19.151481818181818,8.03,2070.27027027027,-0.16531521739130284
2024-09-01,10.950050000000001,19.631629999999998,6.5,983.3333333333334,-0.13019999999999854
2024-10-01,10.73550909090909,19.70618181818182,7.68,1271.428571428571,-0.2145409090909105
2024-11-01,10.605735,20.34549,7.6,431.4685314685315,-0.1297740909090912
2024-12-01,10.38072,20.266055,5.95,75.51622418879056,-0.22501499999999908
2025-01-01,10.282522727272728,20.54901818181818,3.34,-36.259541984732834,-0.09819727272727263
2025-02-01,9.878884210526316,20.457136842105264,4.08,11.171662125340598,-0.4036385167464118
2025-03-01,9.73917,20.241745,4.16,3.2258064516129004,-0.13971421052631605
2025-04-01,9.27798,20.056355,3.76,-32.12996389891697,-0.4611900000000002
2025-05-01,9.049938095238096,19.43549523809524,5.34,-13.731825525040398,-0.22804190476190378
2025-06-01,8.736004761904761,19.029980952380953,4.33,-43.54628422425032,-0.31393333333333473
2025-07-01,8.255734782608696,18.690930434782608,1.14,-88.996138996139,-0.4802699792960645
2025-08-01,8.08585238095238,18.70632857142857,1.38,-82.81444582814446,-0.16988240165631652
2025-09-01,8.017838095238096,18.499009523809523,2.02,-68.92307692307692,-0.06801428571428403
2025-10-01,7.812278260869565,18.429582608695654,1.18,-84.63541666666666,-0.20555983436853076
2025-11-01,7.609752631578947,18.418484210526316,1.73,-77.23684210526316,-0.20252562929061835
2025-12-01,7.470957142857142,18.07389523809524,1.61,-72.94117647058825,-0.13879548872180436
2026-01-01,7.30197619047619,17.6449,1.39,-58.38323353293413,-0.16898095238095223
2026-02-01,7.286452631578947,17.22276842105263,2.44,-40.19607843137255,-0.015523558897243106
2026-03-01,7.241652380952381,17.769214285714288,5.05,21.39423076923077,-0.04480025062656612
